key,en,es,fr
4 players board,4 players board,Tablero de 4 jugadores,Plateau à 4 joueurs
3 players board,3 players board,Tablero de 3 jugadores,Plateau à 3 joueurs
6 players board,6 players board,Tablero de 6 jugadores,Plateau à 6 joueurs
8 players board,8 players board,Tablero de 8 jugadores,Plateau à 8 joueurs
A 5! You must leave home,A 5! You must leave home,¡Un 5! Tienes que salir de casa,Un 5! Vous devez sortir de la maison
Automatic dice and movements,Automatic dice and movements,Dado y movimientos automáticos,Dés et mouvements automatiques
Autosaves number  ,Autosaves number  ,Número de autoguardados  ,Nombre de sauvegardes auto  
Back to Main Menu,Back to Main Menu,Volver al menú principal,Retour au menu principal
Checking for updates...,Checking for updates...,Comprobando actualizaciones...,Vérification des mises à jour...
Composition,Composition,Composición,Composition
Controls & Shortcuts,Controls & Shortcuts,Controles y atajos,Contrôles et raccourcis
Credits,Credits,Créditos,Crédits
Release Date: {0},Release Date: {0},Fecha de la versión: {0},Date de la version: {0}
Lead Developer: {0},Lead Developer: {0},Desarrollo: {0},Développement: {0}
Engine: {0},Engine: {0},Motor de juego: {0},Moteur de jeu: {0}
License: {0},License: {0},Licencia: {0},Licence: {0}
Android Back Button / Gesture: Back to Main Menu / Exit,Android Back Button / Gesture: Back to Main Menu / Exit,Boton Atrás / Gesto Android: Volver al menú principal / Salir,Bouton Retour / Geste Android: Retour au menu principal / Quitter
Long Press on Background: Toggle Sound ON / OFF,Long Press on Background: Toggle Sound ON / OFF,Pulsación prolongada en fondo: Alternar sonido activado / desactivado,Pression prolongée sur el fond: Basculer le son activé / désactivé
Long Press on Piece / Dice: View Info Popup,Long Press on Piece / Dice: View Info Popup,Pulsación prolongada en ficha / dado: Ver ventana de información,Pression prolongée sur pion / dé: Afficher les infos
Tap Screen: Roll Dice / Select Piece to Move,Tap Screen: Roll Dice / Select Piece to Move,Tocar la pantalla: Tirar dado / Seleccionar ficha a mover,Toucher l'écran: Lancer le dé / Sélectionner un pion à déplacer
Touch Drag: Rotate 3D Board Camera,Touch Drag: Rotate 3D Board Camera,Arrastrar con el dedo: Rotar tablero 3D,Glisser avec le doigt: Faire pivoter le plateau 3D
Could not check for updates,Could not check for updates,No se ha podido comprobar,Impossible de vérifier les mises à jour
Disabled,Disabled,Desactivado,Désactivé
Difficult,Difficult,Difícil,Difficile
Duration: {0},Duration: {0},Duración: {0},Durée: {0}
Easy,Easy,Fácil,Facile
English,English,Inglés,Anglais
Esc: Back to Main Menu / Exit,Esc: Back to Main Menu / Exit,Esc: Volver al menú principal / Salir,Esc: Retour au menu principal / Quitter
Exit,Exit,Salir,Quitter
F1: Yellow Player Camera View (Perspective),F1: Yellow Player Camera View (Perspective),F1: Vista de cámara del jugador amarillo (perspectiva),F1: Vue caméra joueur jaune (perspective)
F2: Blue Player Camera View (Perspective),F2: Blue Player Camera View (Perspective),F2: Vista de cámara del jugador azul (perspectiva),F2: Vue caméra joueur bleu (perspective)
F3: Red Player Camera View (Perspective),F3: Red Player Camera View (Perspective),F3: Vista de cámara del jugador rojo (perspectiva),F3: Vue caméra joueur rouge (perspective)
F4: Green Player Camera View (Perspective),F4: Green Player Camera View (Perspective),F4: Vista de cámara del jugador verde (perspectiva),F4: Vue caméra joueur vert (perspective)
F9: Bottom Camera View,F9: Bottom Camera View,F9: Vista inferior de cámara,F9: Vue caméra inférieure
F10 / Enter: Top Camera View,F10 / Enter: Top Camera View,F10 / Enter: Vista cenital de cámara,F10 / Entrée: Vue caméra zénithale
F11 / Key F: Toggle Fullscreen Mode,F11 / Key F: Toggle Fullscreen Mode,F11 / Tecla F: Alternar modo pantalla completa,F11 / Touche F: Basculer en mode plein écran
Fake dice: {0},Fake dice: {0},Dado trucado: {0},Faux dés: {0}
French,French,Francés,Français
Full window mode,Full window mode,Modo de pantalla completa,Mode plein écran
Game difficulty  ,Game difficulty  ,Dificultad del juego  ,Difficulté du jeu  
Human,Human,Persona,Humain
IA?,IA?,¿IA?,IA?
Key S: Toggle Sound ON / OFF,Key S: Toggle Sound ON / OFF,Tecla S: Alternar sonido activado / desactivado,Touche S: Basculer le son activé / désactivé
Language  ,Language  ,Idioma  ,Langue  
Let's see who starts,Let's see who starts,Veamos quién empieza,Voyons qui commence
Load game,Load game,Cargar juego,Charger la partie
Match History,Match History,Registro de partidas,Historique des parties
Match history,Match history,Registro de partidas,Historique des parties
Mouse Left Click: Roll Dice / Select Piece to Move,Mouse Left Click: Roll Dice / Select Piece to Move,Clic izquierdo del ratón: Tirar dado / Seleccionar ficha a mover,Clic gauche de la souris: Lancer le dé / Sélectionner un pion à déplacer
Mouse Right Click Drag: Rotate 3D Board Camera,Mouse Right Click Drag: Rotate 3D Board Camera,Clic derecho del ratón + arrastrar: Rotar tablero 3D,Clic droit de la souris + glisser: Faire pivoter le plateau 3D
Shift + Mouse Left Click: View Piece / Dice Info Popup,Shift + Mouse Left Click: View Piece / Dice Info Popup,Shift + Clic izquierdo del ratón: Ver ventana flotante de ficha / dado,Shift + Clic gauche de la souris: Afficher les infos du pion / dé
New version available: {0}!,New version available: {0}!,¡Nueva versión disponible: {0}!,Nouvelle version disponible: {0}!
No games logged yet,No games logged yet,No hay partidas registradas aún,Aucune partie enregistrée
Normal,Normal,Normal,Normal
Person,Person,Persona,Personne
Piece in goal! +10 moves,Piece in goal! +10 moves,¡Ficha en meta! +10 movimientos,Pion au but! +10 déplacements
Player {0} starts,Player {0} starts,El jugador {0} comienza,Le jugador {0} commence
Player {0} wins,Player {0} wins,El jugador {0} gana,Le jugador {0} gagne
Players Selection,Players Selection,Selección de jugadores,Sélection de joueurs
players board,players board,jugadores tablero,joueurs plateau
Plays?,Plays?,¿Juega?,Joue?
Recovering dice,Recovering dice,Recuperando el dado,Récupération du dé
Return,Return,Volver,Retour
Settings,Settings,Configuración,Paramètres
Shift + F1: Yellow Player Camera View (Floor Level),Shift + F1: Yellow Player Camera View (Floor Level),Shift + F1: Vista a nivel de suelo del jugador amarillo,Shift + F1: Vue niveau du sol jugador jaune
Shift + F2: Blue Player Camera View (Floor Level),Shift + F2: Blue Player Camera View (Floor Level),Shift + F2: Vista a nivel de suelo del jugador azul,Shift + F2: Vue niveau du sol joueur bleu
Shift + F3: Red Player Camera View (Floor Level),Shift + F3: Red Player Camera View (Floor Level),Shift + F3: Vista a nivel de suelo del jugador rojo,Shift + F3: Vue niveau du sol jugador rouge
Shift + F4: Green Player Camera View (Floor Level),Shift + F4: Green Player Camera View (Floor Level),Shift + F4: Vista a nivel de suelo del jugador verde,Shift + F4: Vue niveau du sol jugador vert
Sound,Sound,Sonido,Son
Sound OFF,Sound OFF,Sonido desactivado,Son désactivé
Sound ON,Sound ON,Sonido activado,Son activé
Spanish,Spanish,Español,Espagnol
Start game,Start game,Inicia el juego,Commencer la partie
Tilted dice - Rerolling from new position,Tilted dice - Rerolling from new position,Dado inclinado - Relanzando desde nueva posición,Dé incliné - Relance depuis une nouvelle position
Tree sixes: You're lucky you are in the final ramp,Tree sixes: You're lucky you are in the final ramp,Tres seises: Tienes suerte de estar en el pasillo final,Trois six: Vous avez de la chance d'être sur la rampe finale
Tree sixes: You're lucky you can't move,Tree sixes: You're lucky you can't move,Tres seises: Tienes suerte de no poder mover,Trois six: Vous avez de la chance de ne pas pouvoir bouger
Tree sixes: too fast too young,Tree sixes: too fast too young,Tres seises: A casa la ficha,Trois six: Retour à la maison
Up to date,Up to date,Actualizado,À jour
Upps, I did it again,Upps, I did it again,Upps, lo hice otra vez,Oups, je l'ai encore fait
User name,User name,Nombre de usuario,Nom d'utilisateur
" Version: {0}"," Version: {0}"," Versión: {0}"," Version: {0}"
Wheel Down / Key -: Zoom Camera Out,Wheel Down / Key -: Zoom Camera Out,Rueda abajo / Tecla -: Alejar cámara,Molette bas / Touche -: Zoom arrière caméra
Wheel Up / Key +: Zoom Camera In,Wheel Up / Key +: Zoom Camera In,Rueda arriba / Tecla +: Acercar cámara,Molette haut / Touche +: Zoom avant caméra
Winner,Winner,Ganador,Gagnant
"{0}, I did it unintentionally! +20 moves","{0}, I did it unintentionally! +20 moves","¡{0}, lo hice sin querer! +20 movimientos","{0}, je l'ai fait sans le vouloir! +20 déplacements"
"{0}, you're so tasty! +20 moves","{0}, you're so tasty! +20 moves","¡{0}, estás riquísimo! +20 movimientos","{0}, tu es si délicieux! +20 déplacements"
Player,Player,Jugador,Joueur
Piece,Piece,Ficha,Pion
Square,Square,Casilla,Case
Route Position,Route Position,Posición en ruta,Position sur le parcours
Threats received,Threats received,Amenazas recibidas,Menaces reçues
Threats generated,Threats generated,Amenazas generadas,Menaces générées
Turn Status,Turn Status,Estado del turno,Statut du tour
Can move,Can move,Puede mover,Peut bouger
Can eat before,Can eat before,Puede comer antes,Peut manger avant
Can eat after,Can eat after,Puede comer después,Peut manger après
Threats after move,Threats after move,Amenazas tras mover,Menaces après déplacement
Piece Details,Piece Details,Detalles de la ficha,Détails del pion
Safe,Safe,Segura,Sécurisée
Yes,Yes,Sí,Oui
No,No,No,Non
Yes (+20),Yes (+20),Sí (+20),Oui (+20)
Dice History Report,Dice History Report,Informe del dado,Rapport du dé
Information,Information,Información,Information
